﻿,,,,,
,,,,,
DomesticInternationalWorldwideCalendarAll TimeShowdownsIndices,,,,,
Latest International Weekends,,,,,
International,,,,,
"Data as of Nov 14, 1:34 PST",,,,,
Area,Weekend,Releases,#1 Release,Distributor,Weekend Gross
"Weekend Ending November 13, 2022",,,,,
Japan,Nov 12-13,1,Black Panther: Wakanda Forever,Walt Disney Studios Motion Pictures,"$3,500,000 "
United Kingdom,Nov 11-13,1,Black Panther: Wakanda Forever,Walt Disney Studios Motion Pictures,"$15,000,000 "
France,Nov 9-13,5,Black Panther: Wakanda Forever,Walt Disney Studios Motion Pictures,"$13,700,000 "
Mexico,Nov 11-13,1,Black Panther: Wakanda Forever,Walt Disney Studios Motion Pictures,"$12,800,000 "
South Korea,Nov 11-13,1,Black Panther: Wakanda Forever,Walt Disney Studios Motion Pictures,"$8,900,000 "
Brazil,Nov 10-13,8,Black Panther: Wakanda Forever,Walt Disney Studios Motion Pictures,"$7,100,000 "
Australia,Nov 10-13,7,Black Panther: Wakanda Forever,Walt Disney Studios Motion Pictures,"$6,800,000 "
India,Nov 11-13,1,Black Panther: Wakanda Forever,Walt Disney Studios Motion Pictures,"$6,400,000 "
Germany,Nov 10-13,5,Black Panther: Wakanda Forever,Walt Disney Studios Motion Pictures,"$6,100,000 "
Indonesia,Nov 9-13,2,Black Panther: Wakanda Forever,Walt Disney Studios Motion Pictures,"$6,100,000 "
Italy,Nov 10-13,7,Black Panther: Wakanda Forever,Walt Disney Studios Motion Pictures,"$4,200,000 "
Austria,Nov 10-13,6,Ticket to Paradise,Universal Pictures International (UPI),"$75,995 "
Netherlands,Nov 10-13,6,Ticket to Paradise,Universal Pictures International (UPI),"$33,545 "
Switzerland,Nov 9-13,7,Ticket to Paradise,Universal Pictures International (UPI),"$22,255 "
New Zealand,Nov 10-13,5,Mrs. Harris Goes to Paris,Universal Pictures International (UPI),"$17,173 "
Trinidad & Tobago,Nov 9-13,2,Ticket to Paradise,-,"$16,032 "
Hungary,Nov 10-13,4,Ticket to Paradise,Universal Pictures International (UPI),"$8,277 "
Belgium,Nov 9-13,3,Ticket to Paradise,Universal Pictures International (UPI),"$5,966 "
Nigeria,Nov 9-13,2,Halloween Ends,Universal Pictures International (UPI),"$2,687 "
Portugal,Nov 10-13,5,Mrs. Harris Goes to Paris,Cinemundo,"$2,567 "
Czech Republic,Nov 10-13,3,Ticket to Paradise,Universal Pictures International (UPI),"$2,150 "
Denmark,Nov 10-13,5,Mrs. Harris Goes to Paris,Universal Pictures International (UPI),"$1,999 "
Egypt,Nov 9-13,2,Ticket to Paradise,Universal Pictures,"$1,797 "
Croatia,Nov 10-13,2,Ticket to Paradise,-,"$1,194 "
Slovakia,Nov 10-13,2,Ticket to Paradise,Universal Pictures International (UPI),"$1,029 "
Hong Kong,Nov 10-13,2,Ticket to Paradise,Universal Pictures International (UPI),$881 
Central America,Nov 10-13,3,Ticket to Paradise,Universal Pictures International (UPI),$754 
Greece,Nov 10-13,2,Minions: The Rise of Gru,Universal Pictures International (UPI),$728 
Kenya,Nov 9-13,2,Halloween Ends,Universal Pictures International (UPI),$616 
Ukraine,Nov 10-13,1,Ticket to Paradise,Universal Pictures International (UPI),$597 
Slovenia,Nov 10-13,3,Ticket to Paradise,Karo Premiere,$593 
Argentina,Nov 10-13,2,Ticket to Paradise,Universal Pictures International (UPI),$475 
Singapore,Nov 10-13,3,Ticket to Paradise,Universal Pictures International (UPI),$292 
Chile,Nov 10-13,2,Mrs. Harris Goes to Paris,Universal Pictures International (UPI),$152 
Bolivia,Nov 10-13,1,Halloween Ends,Universal Pictures International (UPI),$83 
Malaysia,Nov 10-13,3,Ticket to Paradise,Universal Pictures International (UPI),$47 
Thailand,Nov 10-13,1,Bros,Universal Pictures,$34 
Colombia,Nov 10-13,2,Ticket to Paradise,Universal Pictures International (UPI),$33 
"Weekend Ending November 6, 2022",,,,,
Albania,Nov 5-6,2,Minions: The Rise of Gru,Universal Pictures International (UPI),"$2,768 "
Russia/CIS,Nov 3-6,161,Land of Legends,Central Partnership,"$1,732,138 "
Poland,Nov 4-6,23,Listy do M. 5,Kino Swiat,"$1,283,952 "
Spain,Nov 4-6,63,Black Adam,Warner Bros.,"$734,628 "
United Arab Emirates,Nov 3-6,52,Black Adam,Warner Bros.,"$607,802 "
Vietnam,Nov 4-6,15,Black Adam,Warner Bros.,"$244,166 "
Türkiye,Nov 4-6,46,Aslan Hürkus: Görevimiz Gökbey,CGV Mars Dagitim,"$224,309 "
Norway,Nov 4-6,33,Black Adam,Warner Bros.,"$205,922 "
Romania,Nov 4-6,30,Teambuilding,Vidra Productions,"$159,358 "
Switzerland (German),Nov 3-6,2,Ticket to Paradise,Universal Pictures International (UPI),"$136,000 "
South Africa,Nov 4-6,26,Black Adam,Universal Pictures,"$128,924 "
Sweden,Nov 4-6,19,Minions: The Rise of Gru,Universal Pictures International (UPI),"$115,552 "
Lebanon,Nov 3-6,5,Ticket to Paradise,Universal Pictures,"$112,381 "
Lithuania,Nov 4-6,33,The Generation of Evil,-,"$97,862 "
Israel,Nov 3-6,10,Ticket to Paradise,Universal Pictures International (UPI),"$87,546 "
Serbia and Montenegro,Nov 3-6,15,Komedija na tri sprata,Art Vista,"$58,643 "
Bulgaria,Nov 4-6,34,Black Adam,Alexandra Films,"$53,968 "
Finland,Nov 4-6,18,Ticket to Paradise,Universal Pictures International (UPI),"$45,845 "
Iceland,Nov 4-6,29,Black Adam,Sam Film,"$27,659 "
Taiwan,Nov 4-6,15,Bros,Universal Pictures International (UPI),"$27,626 "
Ecuador,Nov 4-6,4,Halloween Ends,Universal Pictures,"$26,329 "
Saudi Arabia,Nov 3-6,4,Ticket to Paradise,Universal Pictures International (UPI),"$17,413 "
Latvia,Nov 4-6,8,Ticket to Paradise,Universal Pictures International (UPI),"$12,044 "
Peru,Nov 3-6,7,Halloween Ends,Universal Pictures,"$10,436 "
Estonia,Nov 4-6,9,Ticket to Paradise,Universal Pictures,"$6,771 "
Philippines,Nov 2-6,9,Ticket to Paradise,Universal Pictures International (UPI),"$3,721 "
Sri Lanka,Nov 4-6,5,Ticket to Paradise,Universal Pictures International (UPI),"$2,629 "
North Macedonia,Nov 4-6,3,Ticket to Paradise,Universal Pictures International (UPI),"$2,317 "
Venezuela,Nov 4-6,4,Minions: The Rise of Gru,-,"$2,214 "
Bosnia,Nov 4-6,1,Moonage Daydream,Universal Pictures,"$2,000 "
Uruguay,Nov 3-6,6,Ticket to Paradise,Times Media Films,"$1,903 "
Cyprus,Nov 4-6,4,Halloween Ends,Universal Pictures,$489 
Russia,Nov 3-6,1,Figli,-,$295 
,,,2022 Re-release,,
Latest Updates: News | Daily | Weekend | All Time | International | Showdowns,,,,,
Glossary | User Guide | Help,,,,,
BoxOfficeMojo.com by IMDbPro - an IMDb company.,,,,,
"© IMDb.com, Inc. or its affiliates. All rights reserved. Box Office Mojo and IMDb are trademarks or registered trademarks of IMDb.com, Inc. or its affiliates. Conditions of Use and Privacy Policy under which this service is provided to you.",,,,,
